fa8f6e9d95b326c3d48980b5198d8b408c7a452527dd44b501f98cdf45d91e99,1537973689487
df0d91f7f036b21e562b33645962580fc75f77d058288b7ef5204a6178d7183a,1537973689536
93df05261370b3ff9da50a972137924e9bf09ea6485da39704ad49d13a9c429e,1537973689608
0b6778223e1151f762787ae9476ee802a12d679b7db481a630dc7ac1224588e9,1537973689646
15c0153afedde718ab397376c6e990efd555d30c24e53b2b7e6ba82595ce920c,1537973689678
30c06642a7315c4ae084a8f89d419021367bf25cbcbe6f0544df785a2f50f1d3,1537973689718
5a0c0143a3df01a35cfa04ec302f0e1064a9cb9efc44dc3d39ba26bff43039e4,1537973689752
9a325391e9df30c72101044759a5172af3ed7be94e9c1f6cb498bb1c53af5c83,1537973689776
e76bc4a25fbb13274e820016c7300dd67cca500e877ff14e25404b9bfa0c3452,1537973689798
7a8a497f8b3b3fa076ddbfcfd846ecbdbb8cc165b438b263fdf469e213f6e021,1537973689827
1720830bda6a3edd870e103613ddccab46013e7870bb690cf7613f5e03d2a90d,1537973689854
9266614096aea235eb3c265b4be1c75e7758a240520f656b2420e653a3e88bb5,1537973689884
1e57780a1d0a054a966c3cf116e00070f3653e7f99de1e6bd83f760b4c4054e3,1537973689971
e1bd321eb4549a8971c11d1558c308c26828377438d8fb12d57d1c09a5b59be8,1537973690002
a095996595d8a488e5a1cea721c70259c53fbee617de7dcd0c4d5d7e9c9303b6,1537973690030
070e5bab754704273be5c1fb7840dd0a4c6d5ac0d69ca98367b0a3ba1f2c345a,1537973690082
61afee0274b7396e8eb99e753b5439532131c1adbe82afdaf9b0c9f5c0c02933,1537973690110
aa487a4e89cb23fc710ae7145167ed292606daf15071817be92112baa88566c2,1537973690141
de7ab036441543eec2368f712eab8645240280b93251711ac49037d78c0b2637,1537973690165
e30153568051b55f322d12749513c48b13d671ea5fc93f9f64d1efce7df6e506,1537973690190
d8b613008774c226f3e7d138739abed0829d369956b934256d3084ad56d2b8f7,1537973690212
62934b7ceb46193889bd5cfeb75b430c269e6c910921d14352250cb17ed78fc5,1537973690247
3993ce23a669085151b81ca92ef8a698cf484e74b18122ca8fd05f9ded144ded,1537973690271
d907830a6e3167d6e74d43cbd8f25db9acd974a148dde8a6194a644f46569d32,1537973690309
18baa8487b5a35a7178b7a8afd1b7fa3248019241eb9f58e7abaaff1e8fe4ae5,1537973690331
3267b0e0fa4a3861e1cdbba4635e0342c745357c4019365677511909a3c5fbc9,1537973690357
3cd744825f7b2decaf73abe8a1f6d81ab28c1181a214d535fc0662fc3c4f6c0c,1537973690382
12aaae756c870f11231b631e0751a3854c3b64c8ad84c70a7181b10d69688370,1537973690427
08867108c03ca2a2c1e94a2faf270d01590501da409e3c8da7fc6bbf26fe4b63,1537973690580
8e1a5fae7f623418ae2166e3d6c7b6a031b21bb5271846b160b8d9538596724c,1537973690718
55bfc5e939c1913bfc5db1413d310956ee84d97d0c84d6277a0176c4a74b30eb,1537973690792
99adb05f80c9e071e473236bf7469f878bd54378f868cab9d8966eb31a5dbea1,1537973690833
