056f00aad1a8edb61afa8e24c23fdc13d51703ae0cece60fb404052e8d32223b,1537975233787
5856e19f423099f44817ca6d04122f4a75448280219ca22072437b7acbb802fd,1537975233818
0ac1e6c91ae93397490a700d5468a70fa37a3c9d2a727b09f32653874e1a9382,1537975233843
a27883e68338275d3d255f8c7b233e3b8eb3335ef15a303b219a8f380335f3d4,1537975233914
8e6db4eb0dc0ca48d9616058b2d6fa24bbbb673cd139e3b851790340c1f07474,1537975233995
76f3b9fdb41cd5648fb8d1b7d327ff435294f4e2c3dbf5e34f4bccb8d0f075b2,1537975234038
234014361a0655e38eeaf35926d8a84681d4b682e99c6716dca792ba293c1628,1537975234080
0bf4f7afc048e33e222d5067e04d77e291aedae86cd36d1e5d21b6eb7a9eb4da,1537975234132
8b764255835d337cbcce0d8ef2ecd3bd3978deaaeb60d82cc459bfa5aa9ca089,1537975234173
c4662fe21b66cce74d1a3cfa4ffde9a860f03f9cdf13a3f2dc50881bf00478fe,1537975234200
4aa64266f2827d6c9dea01d67a900fde991d9911f51f9c1318f11e6870fe3624,1537975234266
c733e34f0387b60ef85bd6178fc87ad201c8d9c7ef2bce884212f2ef86fbc0c2,1537975234291
b660c96f6bb80243812d83e20bb745ed29ef489f8fecebe3e321bbf06ca5f714,1537975234306
5d0b791db1b3dc302f048b8a916a915a181063eb4eab70d6fa7ec288136b5c0f,1537975234323
ee3eba6bced118299d02cdbb807e042a746f40e082028002ed929e9b083f81d0,1537975234387
84bf907093631885fa4514b4f7c84047ad7addccde3a73e2623289af9c6441c9,1537975234410
17a01f97507c63590e0da519aee5762dde0c0f28d32e6945ab8e0df921aad136,1537975234479
528a1fb607593c8f379de0356ede8e52cf3395b6de31ab2228e00b6f5c505c2b,1537975234495
482e2cee8bd1622b42552c0526305cd486ac8fb8c14906aa68fd4f2341688690,1537975234525
313c729569067665c85397d6166f2a11b4c52e8b720c9b64e70d09f5f3dccfb2,1537975234538
5af2cffff9044eb15c79bff9f316c03654c5d9c9399cd1a9e13018d94669522b,1537976091978
a2f1b97e62a892b7509123e7462b7383a2d7ea884eb088ca200ea46bfe572c2e,1537976092043
1f8f3ca6739a55189518540c76a7c310f2b51991af4cb51e4633b5b0efaa1aa6,1537976092096
db7873406abbacf64a06bf39f7b762daeddd35405847932a20908221e97e23bb,1537976092134
2b6d0fc347139aa8c3fc1ea3a430dc9568385569b806ac1eb0f62884265bf754,1537976092164
9d2ec12c0dfd711358d3468951d6c9b3ea451ef7b2eff9c16f9a5c8111286855,1537976092191
1fed6c6776727be7868bb376d7d4ca337289b5e31a3505c0a99af1de09a8556b,1537976092230
4caede5aacb0a428691b87b3ea5fa586ec1c87431987cd28ef8c4d0a29182c44,1537976092304
4e250e0d1a6d4e1ae7f0eaf35e261ee2381a5756abeddb483dc557d2e86cac7b,1537976092323
120409782deb5bea411decd9bf85d0255fb204e5adcac8f80d1ad09b199b2f29,1537976092344
ad7f6d00a0bbbab862d21be4acee3f0db3a176478d38032bf558ab67550abd88,1537976092390
1d68ce08cc37dd69113f71df02280ebe7eb610c49dca4f1ff0c151bd83304362,1537976092438
b941e47dbd3e54658b11586f821609037e95b0fd475207d5ce65cb04fe6a5ea7,1537976092512
75d186183293668173aceedbecde62316d3de7e5d5c65d42f4b3d35786b915cc,1537976092619
4f3ab3153ad961c4b0d01dac78b9f94cbc237caaaad2b8c95883c19ef14719af,1537976092635
