3308d3c462c2cbe155afdbab2c5344bb94be6130b1a5360ddb1506cc6ca824d9,1537992139074
e87d0db9480d54f79bde286a860ceb603a86ee8283d8869a65373e5bd263f8f1,1537992145239
422318a43457e0663c13c467a6e99510bc1ccdf3899a1f641a89e082a763864b,1537992150728
1402ecc9f65ef30cc03505f9eae93412e262507870c553bcbbc2fb6c51fb21e6,1537992155164
f7b11151e20faec8f63d91d3b183311ec48bec508285fd19ca0b402122fe6786,1537992157938
f40a4938982ee2f6a1ffa62251c275c6bf61bd05f290d0c6bf111aaec130b7ad,1537992167941
aebbb94dd2d8bfc070f45638b7a32771203c15fb52188f9e39795709e6fc551b,1537992172091
12ee40139e238832954f8f84cd2c7d2e770511e67a0a4c2a887efa15e76bdf62,1537992177965
971160ca2812b2e4ef1760808c225de1a80bb1f46d00c7798c4ea70c3058af15,1537992181198
4e68b57d70790b1f050ac015531cf811922a3ae99c0a3884c26b6ed7c63d86c5,1537992187925
91ed2e6f4b3fc036b0a8bb48249fcd8a233c1e2a0e5939d230ddf60c45308b4f,1537992190756
33dfa0bfa57beedbf4e9e478737586010ee5778cbf5b532fe527643571c23ac2,1537992197324
4b51ebb1faa65ccfde48c36b802fa32b83cb63e9bd5d7cd8ce5411c27bedf994,1537992204370
442f29dd951922386e4a8bdb387057f1c95b0438e4067ec41bb8ff63ea4851d1,1537992209755
86606211cacf902bd6bebcb30cb8dc9ec6bbaa3afa733e366c87e6759fe4a3c7,1537992215401
e653d14be09e9ca1def20a8bbb1e02801d2ec4a9760d6dcfb34a0b24457c2541,1537992220864
33b29f876e70f84fd79a874ad8c784ec2fcb837c4b0e1ac785f9e0db240514ac,1537992228438
d18fa550b0bbc62bdeefe926b322c0a788386c26b4aa6ba2f53616c9dce72811,1537992231589
929ec48f6e69c4c201ddbd8bc7191a0e904a7111e3057c7064c14a30da962698,1537992235584
4c45eef4d40bbaef6ad9ed26c10b381d08f126c4bee7cdb0e275b77e49e4c246,1537992242366
